{
  "appointments": [
    {
      "id": 1,
      "firstName": "Marta",
      "secondName": "Avalos",
      "date": 1636549800000,
      "number": "0065785785",
      "department": "Orthopedics",
      "status": "Date confirmed",
      "notes": "Lorem ipsum 1"
    },
    {
      "id": 9,
      "firstName": "Lola",
      "secondName": "Joys",
      "date": 1636457400000,
      "department": "Orthopedics",
      "status": "Date confirmed",
      "notes": "Lorem ipsum 3",
      "number": "0000000000"
    },
    {
      "id": 10,
      "firstName": "Anna",
      "secondName": "Joys",
      "date": 1636457400000,
      "department": "Orthopedics",
      "status": "Rejected",
      "notes": "Lorem ipsum 3",
      "number": "0000000000"
    },
    {
      "id": 11,
      "firstName": "Irina",
      "secondName": "Joyse",
      "date": 1637575200000,
      "number": "0000000000",
      "department": "Orthopedics",
      "status": "Date confirmed",
      "notes": "Lorem ipsum 3"
    },
    {
      "id": 12,
      "firstName": "Michael",
      "secondName": "Joys",
      "date": 1636457400000,
      "department": "Orthopedics",
      "status": "Date confirmed",
      "notes": "Lorem ipsum 3",
      "number": "0000000000"
    },
    {
      "id": 13,
      "firstName": "Nina",
      "secondName": "dsvgsg",
      "date": 1640952803125,
      "number": "9999999999",
      "department": "Oncology",
      "status": "Active",
      "notes": "regerger"
    },
    {
      "firstName": "djhbfghjdgsjfh",
      "secondName": "kjewhfkjwegfjgu",
      "date": 1640089207275,
      "department": "Oncology",
      "number": "2222222222",
      "notes": "dsvfsdvgsdeegv",
      "id": 14,
      "status": "Rejected"
    },
    {
      "firstName": "Vania",
      "secondName": "Ivanov",
      "date": 1640351964333,
      "department": "Orthopedics",
      "number": "7272623561",
      "notes": "11545",
      "status": "Pending",
      "id": 16
    },
    {
      "id": 17,
      "firstName": "gfhgjfhkgjhlk",
      "secondName": "jgfghfcdhj",
      "date": 1640102171387,
      "number": "9999999997",
      "department": "Surgery",
      "status": "Pending",
      "notes": "frbgergerg"
    },
    {
      "firstName": "Masha",
      "secondName": "efwefwef",
      "date": 1639484524661,
      "department": "Surgery",
      "number": "6326723732",
      "notes": "sdvjbsdlkjvblksdbv",
      "status": "Pending",
      "id": 18
    }
  ],
  "departments": [
    "All",
    "Anesthetics",
    "Cardiology",
    "Oncology",
    "Orthopedics",
    "Surgery"
  ],
  "statuses": [
    "All",
    "Pending",
    "Date confirmed",
    "Active",
    "Accepted",
    "Rejected"
  ]
}